<?xml version="1.0" encoding="UTF-8" ?>
<!DOCTYPE html>
<html b:css='false' b:defaultwidgetversion='2' b:layoutsVersion='3' b:responsive='true' b:templateVersion='1.3.0' expr:dir='data:blog.languageDirection' expr:lang='data:blog.locale' xmlns='http://www.w3.org/1999/xhtml' xmlns:b='http://www.google.com/2005/gml/b' xmlns:data='http://www.google.com/2005/gml/data' xmlns:expr='http://www.google.com/2005/gml/expr'>

<head>
  <meta charset='UTF-8'/>
  <meta content='width=device-width, initial-scale=1, shrink-to-fit=no' name='viewport'/>
  <b:include data='blog' name='all-head-content'/>

  <!-- SEO Meta Tags -->
  <b:if cond='data:view.isHomepage'>
    <title><data:blog.title/></title>
    <meta expr:content='data:blog.title' property='og:title'/>
    <meta expr:content='data:blog.metaDescription' name='description'/>
    <meta expr:content='data:blog.metaDescription' property='og:description'/>
  </b:if>
  <b:if cond='data:view.isPost'>
    <title><data:view.title/> - <data:blog.title/></title>
    <meta expr:content='data:view.title' property='og:title'/>
    <b:if cond='data:blog.metaDescription'>
      <meta expr:content='data:blog.metaDescription' name='description'/>
      <meta expr:content='data:blog.metaDescription' property='og:description'/>
    <b:else/>
      <meta expr:content='data:post.snippet' name='description'/>
      <meta expr:content='data:post.snippet' property='og:description'/>
    </b:if>
  </b:if>
  <b:if cond='data:view.isPage'>
    <title><data:view.title/> - <data:blog.title/></title>
    <meta expr:content='data:view.title' property='og:title'/>
    <meta expr:content='data:blog.metaDescription' name='description'/>
    <meta expr:content='data:blog.metaDescription' property='og:description'/>
  </b:if>

  <!-- Open Graph / Facebook -->
  <meta content='website' property='og:type'/>
  <meta expr:content='data:blog.url' property='og:url'/>
  <b:if cond='data:blog.postImageUrl'>
    <meta expr:content='data:blog.postImageUrl' property='og:image'/>
  <b:else/>
    <meta content='https://picsum.photos/1200/630' property='og:image'/>
  </b:if>

  <!-- Twitter -->
  <meta content='summary_large_image' property='twitter:card'/>
  <meta expr:content='data:blog.url' property='twitter:url'/>
  <meta expr:content='data:blog.title' property='twitter:title'/>
  <meta expr:content='data:blog.metaDescription' property='twitter:description'/>
  <b:if cond='data:blog.postImageUrl'>
    <meta expr:content='data:blog.postImageUrl' property='twitter:image'/>
  <b:else/>
    <meta content='https://picsum.photos/1200/630' property='twitter:image'/>
  </b:if>

  <!-- Google Fonts -->
  <link href='https://fonts.googleapis.com' rel='preconnect'/>
  <link crossorigin='true' href='https://fonts.gstatic.com' rel='preconnect'/>
  <link href='https://fonts.googleapis.com/css2?family=Be+Vietnam+Pro:wght@300;400;500;600;700;800&amp;display=swap' rel='stylesheet'/>
  <link crossorigin='anonymous' href='https://cdnjs.cloudflare.com/ajax/libs/font-awesome/6.4.2/css/all.min.css' referrerpolicy='no-referrer' rel='stylesheet'/>
  
  <b:skin><![CDATA[
    
    /* Theme: Opsoso Basic v3.0 - Glassmorphism Edition
       Author: Opsoso.net
       Style: Glassmorphism (Thiết kế thủy tinh mờ)
    */
    *, ::before, ::after { box-sizing: border-box; border-width: 0; border-style: solid; }
    html { line-height: 1.5; -webkit-text-size-adjust: 100%; -moz-tab-size: 4; tab-size: 4; font-family: 'Be Vietnam Pro', sans-serif; }
    body { margin: 0; line-height: inherit; }
    hr { height: 0; color: inherit; border-top-width: 1px; }
    h1, h2, h3, h4, h5, h6 { font-size: inherit; font-weight: inherit; }
    a { color: inherit; text-decoration: inherit; }
    img, video, canvas, audio, iframe, embed, object { display: block; vertical-align: middle; max-width: 100%; height: auto; }

    :root {
      --color-primary: #007cf0;
      --color-primary-hover: #00dfd8;
      --color-text: #1a1a1b;
      --color-text-light: #4a4a4b;
      --color-background: #ffffff;
      
      /* Glassmorphism Variables */
      --glass-bg: rgba(255, 255, 255, 0.4);
      --glass-border: rgba(255, 255, 255, 0.3);
      --glass-blur: blur(15px);
      --glass-shadow: 0 8px 32px 0 rgba(31, 38, 135, 0.15);
      
      /* Aurora Background */
      --aurora-1: #ff0080;
      --aurora-2: #7928ca;
      --aurora-3: #ff4d4d;
      --aurora-4: #f9cb28;
    }
    
    [data-theme='dark'] {
      --color-text: #ffffff;
      --color-text-light: #cccccc;
      --color-background: #000000;
      --glass-bg: rgba(0, 0, 0, 0.3);
      --glass-border: rgba(255, 255, 255, 0.1);
      --glass-shadow: 0 8px 32px 0 rgba(0, 0, 0, 0.8);
    }

    body {
      background-color: var(--color-background);
      background-image: 
        radial-gradient(at 0% 0%, var(--aurora-1) 0, transparent 40%),
        radial-gradient(at 100% 0%, var(--aurora-2) 0, transparent 40%),
        radial-gradient(at 100% 100%, var(--aurora-3) 0, transparent 40%),
        radial-gradient(at 0% 100%, var(--aurora-4) 0, transparent 40%);
      background-attachment: fixed;
      background-size: 100% 100%;
      color: var(--color-text);
      font-family: 'Be Vietnam Pro', sans-serif;
      min-height: 100vh;
      -webkit-font-smoothing: antialiased;
    }
    
    body::before {
      content: "";
      position: fixed;
      top: 0; left: 0; width: 100%; height: 100%;
      background: rgba(255, 255, 255, 0.2);
      backdrop-filter: blur(50px);
      z-index: -1;
    }
    
    [data-theme='dark'] body::before {
      background: rgba(0, 0, 0, 0.4);
    }

    .container {
      max-width: 1200px;
      margin: 0 auto;
      padding: 0 1.5rem;
    }

    /* Common Glass Style */
    .glass-box {
      background: var(--glass-bg);
      backdrop-filter: var(--glass-blur);
      -webkit-backdrop-filter: var(--glass-blur);
      border: 1px solid var(--glass-border);
      border-radius: 20px;
      box-shadow: var(--glass-shadow);
    }

    /* Header */
    .site-header {
      background: var(--glass-bg);
      backdrop-filter: var(--glass-blur);
      -webkit-backdrop-filter: var(--glass-blur);
      border-bottom: 1px solid var(--glass-border);
      padding: 1rem 0;
      position: sticky;
      top: 0;
      z-index: 100;
      transition: all 0.3s ease;
    }
    .site-header.header-hidden {
      transform: translateY(-100%);
    }
    
    .header-logo { flex: 0 0 50%; }
    .header-menu { flex: 0 0 50%; }
    
    .mobile-nav-toggle { display: none; }

    .site-title a {
        font-weight: 800;
        font-size: 1.75rem;
        background: linear-gradient(to right, #7928ca, #ff0080);
        -webkit-background-clip: text;
        -webkit-text-fill-color: transparent;
    }

    .main-nav a {
      color: var(--color-text);
      font-weight: 600;
      padding: 0.5rem 1rem;
      border-radius: 12px;
      transition: all 0.3s ease;
      display: flex;
      align-items: center;
      gap: 0.5rem;
    }
    .main-nav a:hover {
      background: rgba(255, 255, 255, 0.2);
    }

    /* Dropdown Support */
    .main-nav ul li { position: relative; }
    .main-nav .dropdown-menu {
      position: absolute; top: 100%; left: 0; min-width: 220px;
      padding: 1rem 0; display: none; flex-direction: column; gap: 0; z-index: 100;
      background: var(--glass-bg); backdrop-filter: var(--glass-blur); -webkit-backdrop-filter: var(--glass-blur);
      border: 1px solid var(--glass-border); border-radius: 15px; box-shadow: var(--glass-shadow);
      list-style: none;
    }
    .main-nav li:hover > .dropdown-menu { display: flex; }
    
    .main-nav .sub-dropdown-menu {
      position: absolute; top: 0; left: 100%; min-width: 220px;
      padding: 1rem 0; display: none; flex-direction: column; z-index: 101;
      background: var(--glass-bg); backdrop-filter: var(--glass-blur); -webkit-backdrop-filter: var(--glass-blur);
      border: 1px solid var(--glass-border); border-radius: 15px; box-shadow: var(--glass-shadow);
      list-style: none;
    }
    .main-nav .dropdown-menu li:hover > .sub-dropdown-menu { display: flex; }
    
    .main-nav .dropdown-menu a, .main-nav .sub-dropdown-menu a {
        padding: 0.75rem 1.5rem; border-radius: 0; width: 100%; display: block;
    }
    .main-nav .dropdown-menu a:hover, .main-nav .sub-dropdown-menu a:hover {
        background: rgba(255, 255, 255, 0.1);
        color: var(--color-primary);
    }
    
    /* Mũi tên chỉ dẫn cho menu có cấp con */
    .main-nav .has-child > a::after { content: '\f107'; font-family: 'Font Awesome 6 Free'; font-weight: 900; margin-left: auto; font-size: 0.8em; }
    .main-nav .has-sub-child > a::after { content: '\f105'; font-family: 'Font Awesome 6 Free'; font-weight: 900; margin-left: auto; font-size: 0.8em; }

    /* Hero */
    .hero-section {
      height: 450px;
      margin: 2rem 0;
      border-radius: 30px;
      display: flex;
      align-items: center;
      justify-content: center;
      text-align: center;
      position: relative;
      overflow: hidden;
      box-shadow: var(--glass-shadow);
    }
    .hero-content {
        position: relative;
        z-index: 2;
        padding: 3rem;
        border-radius: 24px;
        border: 1px solid rgba(255, 255, 255, 0.2);
        color: white;
    }
    .hero-title { font-size: 3.5rem; font-weight: 900; line-height: 1.1; margin-bottom: 1rem; }

    /* Features */
    .features-section { margin-top: -80px; position: relative; z-index: 10; padding-bottom: 3rem; }
    .features-section .widget-content > ul {
        display: grid;
        grid-template-columns: repeat(auto-fit, minmax(250px, 1fr));
        gap: 1.5rem;
        list-style: none; padding: 0;
    }
    .feature-card, .features-section .widget-content li {
      background: var(--glass-bg);
      backdrop-filter: var(--glass-blur);
      -webkit-backdrop-filter: var(--glass-blur);
      border: 1px solid var(--glass-border);
      border-radius: 24px;
      padding: 2.5rem 1.5rem;
      text-align: center;
      box-shadow: var(--glass-shadow);
      transition: transform 0.3s ease, box-shadow 0.3s ease;
    }
    .feature-card:hover {
      transform: translateY(-10px);
      background: rgba(255, 255, 255, 0.5);
    }
    .feature-icon {
        width: 60px; height: 60px;
        background: linear-gradient(135deg, #7928ca 0%, #ff0080 100%);
        border-radius: 18px;
        display: flex; align-items: center; justify-content: center;
        margin: 0 auto 1.5rem; color: white; font-size: 1.5rem;
    }

    /* Post Feed */
    .post-card {
      background: var(--glass-bg);
      backdrop-filter: var(--glass-blur);
      -webkit-backdrop-filter: var(--glass-blur);
      border: 1px solid var(--glass-border);
      border-radius: 24px;
      margin-bottom: 2.5rem;
      padding: 1.5rem;
      display: flex;
      flex-direction: column;
      gap: 1.5rem;
      transition: all 0.3s ease;
    }
    @media (min-width: 640px) {
        .post-card { flex-direction: row; }
        .post-card-image-wrapper { flex: 0 0 300px; }
    }
    .post-card:hover {
        background: rgba(255, 255, 255, 0.5);
        box-shadow: 0 15px 45px rgba(0,0,0,0.1);
    }
    .post-card-image-wrapper {
        border-radius: 18px;
        overflow: hidden;
    }
    .post-card-image { width: 100%; height: 200px; object-fit: cover; }
    
    .post-title h2 { font-size: 1.5rem; font-weight: 800; margin-bottom: 0.5rem; }
    .post-category { color: var(--color-primary); font-weight: 700; font-size: 0.8rem; text-transform: uppercase; }
    .post-excerpt { color: var(--color-text-light); line-height: 1.6; }

    /* Sidebar */
    .sidebar .widget {
      background: var(--glass-bg);
      backdrop-filter: var(--glass-blur);
      border: 1px solid var(--glass-border);
      border-radius: 24px;
      padding: 2rem;
      margin-bottom: 2rem;
      box-shadow: var(--glass-shadow);
    }
    .widget-title { font-weight: 800; font-size: 1.25rem; margin-bottom: 1.5rem; position: relative; padding-bottom: 0.5rem; }
    .widget-title::after {
        content: ''; position: absolute; left: 0; bottom: 0; width: 40px; height: 4px;
        background: linear-gradient(to right, #7928ca, #ff0080); border-radius: 2px;
    }

    /* Buttons */
    .btn, .load-more, .share-btn, #scrollToTopBtn, .search-action, .contact-form-button-submit {
        background: linear-gradient(135deg, #7928ca 0%, #ff0080 100%);
        color: white !important;
        border-radius: 12px;
        padding: 0.75rem 1.5rem;
        font-weight: 700;
        border: none;
        cursor: pointer;
        transition: all 0.3s ease;
        box-shadow: 0 4px 15px rgba(255, 0, 128, 0.3);
    }
    .btn:hover { transform: scale(1.05); filter: brightness(1.1); }

    /* Inputs */
    input, textarea {
        background: rgba(255, 255, 255, 0.2);
        border: 1px solid rgba(255, 255, 255, 0.3);
        border-radius: 12px;
        padding: 0.75rem 1rem;
        color: var(--color-text);
        backdrop-filter: blur(5px);
        width: 100%;
    }
    input:focus { outline: none; border-color: #ff0080; background: rgba(255, 255, 255, 0.4); }

    /* Custom Image Split */
    .custom-image-split {
        background: var(--glass-bg);
        backdrop-filter: var(--glass-blur);
        border-radius: 24px;
        padding: 2rem;
        display: flex; gap: 2rem;
        border: 1px solid var(--glass-border);
    }
    .cis-image img { border-radius: 16px; }

    /* Pager */
    .blog-pager { text-align: center; margin: 3rem 0; }
    
    /* Footer */
    .site-footer {
        background: var(--glass-bg);
        backdrop-filter: var(--glass-blur);
        border-top: 1px solid var(--glass-border);
        padding: 3rem 0;
        margin-top: 4rem;
        text-align: center;
    }

    /* Scroll Top */
    #scrollToTopBtn {
        position: fixed; bottom: 30px; right: 30px;
        width: 50px; height: 50px; border-radius: 50%;
        display: flex; align-items: center; justify-content: center;
        opacity: 0; visibility: hidden;
    }
    #scrollToTopBtn.show { opacity: 1; visibility: visible; }

    .content-wrapper {
        display: grid;
        grid-template-columns: 2fr 1fr;
        gap: 3rem;
    }

    @media (max-width: 1024px) {
        .content-wrapper { 
            grid-template-columns: 1fr; 
            gap: 2rem;
        }
        
        .post-area { order: 1; width: 100%; }
        .sidebar { order: 2; width: 100%; }
        
        .sidebar .widget { padding: 1.5rem; }
        
        .header-logo { flex: 1; }
        .header-menu { flex: 0; }
        
        .mobile-nav-toggle { display: block !important; order: 2; }
        
        .main-nav {
            position: fixed; top: 0; right: -100%; width: 280px; height: 100vh;
            background: var(--glass-bg); backdrop-filter: blur(25px); -webkit-backdrop-filter: blur(25px);
            border-left: 1px solid var(--glass-border); padding: 5rem 1.5rem 2rem;
            transition: all 0.4s cubic-bezier(0.4, 0, 0.2, 1); z-index: 1000;
            display: block; box-shadow: -10px 0 30px rgba(0,0,0,0.1);
        }
        .main-nav.active { right: 0; }
        .main-nav ul { flex-direction: column; gap: 0.5rem !important; }
        
        /* Dropdowns on mobile */
        .main-nav .dropdown-menu, .main-nav .sub-dropdown-menu {
            position: static; display: none; width: 100%; border: none; box-shadow: none;
            background: rgba(255,255,255,0.05); padding-left: 1rem; margin-top: 0.5rem;
            backdrop-filter: none;
        }
        .main-nav li.active > .dropdown-menu, 
        .main-nav .dropdown-menu li.active > .sub-dropdown-menu { display: block; }
        
        .main-nav a { padding: 0.8rem 1rem; border-radius: 12px; font-size: 1rem; width: 100%; justify-content: space-between; }
        
        .hero-title { font-size: 2.2rem; }
        .hero-section { height: auto; padding: 4rem 1.5rem; }
        
        /* Overlay when menu open */
        .menu-overlay {
            position: fixed; top: 0; left: 0; width: 100%; height: 100%;
            background: rgba(0,0,0,0.3); backdrop-filter: blur(4px);
            opacity: 0; visibility: hidden; transition: all 0.3s; z-index: 999;
        }
        .menu-overlay.active { opacity: 1; visibility: visible; }
    }

  ]]></b:skin>
</head>

<body>
  <div id='page-wrapper'>
    <div class='menu-overlay' id='menu-overlay'/>
    <header class='site-header'>
      <div class='container'>
        <div class='header-content' style='display:flex; align-items:center;'>
          <b:section class='header-logo' id='header-logo' maxwidgets='1' name='Header Logo' showaddelement='yes'>
            <b:widget id='Header1' locked='true' title='OPSOSO (Tiêu đề)' type='Header' version='2' visible='true'>
              <b:includable id='main'>
                <div class='site-title'>
                  <h1><a expr:href='data:blog.homepageUrl'><data:title/></a></h1>
                </div>
              </b:includable>
            </b:widget>
          </b:section>

          <b:section class='header-menu' id='header-menu' maxwidgets='1' name='Header Menu' showaddelement='yes'>
            <b:widget id='LinkList1' locked='false' title='(Header Menu)' type='LinkList' version='2' visible='true'>
              <b:includable id='main'>
                <nav class='main-nav' id='main-nav'>
                  <ul id='navigation-list' style='list-style:none; display:flex; gap:1.5rem; margin:0; padding:0;'>
                    <b:loop values='data:links' var='link'>
                      <li><a class='js-menu-item' expr:href='data:link.target'><data:link.name/></a></li>
                    </b:loop>
                  </ul>
                </nav>
              </b:includable>
            </b:widget>
          </b:section>
          <button aria-label='Open navigation menu' class='mobile-nav-toggle' id='mobile-nav-toggle' style='background:none; border:none; font-size:1.5rem; cursor:pointer; color:inherit;'>&#9776;</button>
        </div>
      </div>
    </header>

    <b:if cond='data:view.isHomepage'>
        <div class='container' style='max-width: 1560px;'>
            <div class='hero-section' id='hero-section'>
                <b:section class='hero-widget' id='hero-widget' maxwidgets='1' name='Hero Section' showaddelement='yes'>
                  <b:widget id='Image100' locked='false' title='OPSOSO.NET' type='Image' version='2' visible='true'>
                    <b:widget-settings>
                      <b:widget-setting name='sectionWidth'>1487</b:widget-setting>
                      <b:widget-setting name='shrinkToFit'>false</b:widget-setting>
                      <b:widget-setting name='displayWidth'>1560</b:widget-setting>
                    </b:widget-settings>
                    <b:includable id='main'>
                        <b:if cond='data:sourceUrl'>
                            <div class='hero-bg' expr:style='&quot;position:absolute; top:0; left:0; width:100%; height:100%; background:url(&quot; + data:sourceUrl + &quot;) center/cover no-repeat; z-index:0;&quot;'/>
                            <div class='overlay' style='position:absolute; top:0; left:0; width:100%; height:100%; background:rgba(0,0,0,0.3); z-index:1;'/>
                        </b:if>
                        <div class='hero-content'>
                            <h2 class='hero-title'><data:title/></h2>
                            <p class='hero-subtitle' style='font-size:1.2rem; opacity:0.9;'><data:caption/></p>
                        </div>
                    </b:includable>
                  </b:widget>
                </b:section>
            </div>
        </div>
        
        <div class='container'>
            <b:section class='features-section' id='features-section' name='Features Section' showaddelement='yes'>
              <b:widget id='LinkList100' locked='false' title='Features List' type='LinkList' version='2' visible='true'>
                <b:includable id='main'>
                  <div class='widget-content'>
                    <ul>
                      <b:loop values='data:links' var='link'>
                        <li class='js-feature-item'>
                          <div class='feature-icon'><i class='fa-solid fa-bolt'/></div>
                          <div class='feature-text'>
                              <h3 class='feature-title' style='font-weight:800; margin-bottom:0.5rem;'><data:link.name/></h3>
                              <p class='feature-desc' style='font-size:0.9rem; color:var(--color-text-light);'><data:link.target/></p>
                          </div>
                        </li>
                      </b:loop>
                    </ul>
                  </div>
                </b:includable>
              </b:widget>
            </b:section>
        </div>
    </b:if>

    <main class='main-content'>
      <div class='container'>
        <div class='content-wrapper'>
          <div class='post-area'>
            <b:section class='main' id='main' showaddelement='no'>
              <b:widget id='Blog1' locked='true' title='Bài đăng trên Blog' type='Blog' version='2' visible='true'>
                <b:includable id='main'>
                  <b:if cond='data:view.isMultipleItems'>
                    <b:loop values='data:posts' var='post'>
                      <article class='post-card'>
                        <div class='post-card-image-wrapper'>
                          <a expr:href='data:post.url'>
                            <img class='post-card-image' expr:src='data:post.featuredImage ?: &quot;https://placehold.co/600x400&quot;'/>
                          </a>
                        </div>
                        <div class='post-card-content' style='flex:1;'>
                          <div class='post-category'><b:loop values='data:post.labels' var='label'><data:label.name/> </b:loop></div>
                          <div class='post-title'>
                              <h2><a expr:href='data:post.url'><data:post.title/></a></h2>
                          </div>
                          <p class='post-excerpt'><b:eval expr='snippet(data:post.body, {length: 150})'/></p>
                          <div class='post-footer' style='margin-top:1rem; font-size:0.85rem; color:var(--color-text-light);'>
                              <span><data:post.date/></span>
                          </div>
                        </div>
                      </article>
                    </b:loop>
                  <b:else/>
                     <b:loop values='data:posts' var='post'>
                        <div class='glass-box' style='padding:3rem; margin-bottom:2rem;'>
                            <h1 style='font-size:2.5rem; font-weight:800; margin-bottom:1rem;'><data:post.title/></h1>
                            <div class='post-body' style='line-height:1.8;'>
                                <data:post.body/>
                            </div>
                        </div>
                     </b:loop>
                  </b:if>
                  <div class='blog-pager'>
                    <b:if cond='data:olderPageUrl'>
                      <a class='load-more' expr:href='data:olderPageUrl'>Xem thêm</a>
                    </b:if>
                  </div>
                </b:includable>
              </b:widget>
            </b:section>
          </div>

          <aside class='sidebar'>
            <b:section class='sidebar' id='sidebar' name='Sidebar' showaddelement='yes'>
              <b:widget id='BlogSearch1' locked='false' title='Tìm kiếm' type='BlogSearch' version='2' visible='true'>
                <b:includable id='main'>
                  <h2 class='widget-title'><data:title/></h2>
                  <form expr:action='data:blog.searchUrl' style='display:flex; gap:10px;'>
                      <input name='q' placeholder='Tìm kiếm...' type='text'/>
                      <button class='search-action' type='submit'><i class='fa-solid fa-magnifying-glass'/></button>
                  </form>
                </b:includable>
              </b:widget>

              <b:widget id='Label1' locked='false' title='Chuyên mục' type='Label' version='2' visible='true'>
                <b:includable id='main'>
                  <h2 class='widget-title'><data:title/></h2>
                  <div style='display:flex; flex-wrap:wrap; gap:10px;'>
                    <b:loop values='data:labels' var='label'>
                      <a expr:href='data:label.url' style='background:rgba(255,255,255,0.1); padding:5px 15px; border-radius:30px; border:1px solid rgba(255,255,255,0.2); font-size:0.85rem;'>
                          <data:label.name/>
                      </a>
                    </b:loop>
                  </div>
                </b:includable>
              </b:widget>

              <b:widget id='PopularPosts1' locked='false' title='Phổ biến' type='PopularPosts' version='2' visible='true'>
                <b:includable id='main'>
                  <h2 class='widget-title'><data:title/></h2>
                  <ul style='list-style:none; padding:0; display:flex; flex-direction:column; gap:1.5rem;'>
                    <b:loop values='data:posts' var='post'>
                      <li style='display:flex; gap:1rem; align-items:center;'>
                        <b:if cond='data:post.featuredImage'>
                            <img expr:src='resizeImage(data:post.featuredImage, 60)' style='width:60px; height:60px; border-radius:12px; object-fit:cover;'/>
                        </b:if>
                        <a expr:href='data:post.url' style='font-weight:600; font-size:0.95rem;'><data:post.title/></a>
                      </li>
                    </b:loop>
                  </ul>
                </b:includable>
              </b:widget>
            </b:section>
          </aside>
        </div>
      </div>
    </main>

    <footer class='site-footer'>
      <div class='container'>
        <p style='font-weight:700;'>© <script>document.write(new Date().getFullYear())</script> Opsoso.net - Glassmorphism Experience</p>
      </div>
    </footer>
    
    <button id='scrollToTopBtn' title='Go to top'><i class='fa-solid fa-arrow-up'/></button>
  </div>
  
  <script>
    //<![CDATA[
    document.addEventListener('DOMContentLoaded', function() {
        const scrollToTopBtn = document.getElementById("scrollToTopBtn");
        window.addEventListener('scroll', () => {
            if (window.pageYOffset > 300) scrollToTopBtn.classList.add("show");
            else scrollToTopBtn.classList.remove("show");
        });
        scrollToTopBtn.addEventListener('click', () => window.scrollTo({top: 0, behavior: 'smooth'}));

        // Hide Header on Scroll Down
        const header = document.querySelector('.site-header');
        let lastScroll = 0;
        window.addEventListener('scroll', () => {
            const currentScroll = window.pageYOffset;
            if (currentScroll <= 0) {
                header.classList.remove('header-hidden');
            } else if (currentScroll > lastScroll && !header.classList.contains('header-hidden')) {
                // Scroll down
                header.classList.add('header-hidden');
            } else if (currentScroll < lastScroll && header.classList.contains('header-hidden')) {
                // Scroll up
                header.classList.remove('header-hidden');
            }
            lastScroll = currentScroll;
        });

        // Mobile Menu Toggle Logic
        const mobileToggle = document.getElementById('mobile-nav-toggle');
        const mainNav = document.getElementById('main-nav');
        const overlay = document.getElementById('menu-overlay');

        if (mobileToggle && mainNav && overlay) {
            const toggleMenu = () => {
                mainNav.classList.toggle('active');
                overlay.classList.toggle('active');
                document.body.style.overflow = mainNav.classList.contains('active') ? 'hidden' : '';
                mobileToggle.innerHTML = mainNav.classList.contains('active') ? '&#10005;' : '&#9776;';
            };

            mobileToggle.addEventListener('click', toggleMenu);
            overlay.addEventListener('click', toggleMenu);

            // Handle Submenus on Mobile
            mainNav.querySelectorAll('.has-child').forEach(parent => {
                const link = parent.querySelector('a');
                link.addEventListener('click', (e) => {
                    if (window.innerWidth <= 1024) {
                        e.preventDefault();
                        parent.classList.toggle('active');
                    }
                });
            });
        }

        // Multi-level Menu Parsing (Blogger LinkList)
        document.querySelectorAll('.main-nav').forEach(nav => {
            const navList = nav.querySelector('ul');
            if (!navList) return;
            
            const items = Array.from(navList.children);
            let currentL1 = null;
            let currentL2 = null;

            items.forEach(li => {
                const link = li.querySelector('a');
                if (!link) return;
                let text = link.textContent.trim();

                if (text.startsWith('__')) {
                    // Level 3
                    link.textContent = text.replace(/^__/, '');
                    if (currentL2) {
                        let subSub = currentL2.querySelector('.sub-dropdown-menu');
                        if (!subSub) {
                            subSub = document.createElement('ul');
                            subSub.className = 'sub-dropdown-menu';
                            currentL2.appendChild(subSub);
                            currentL2.classList.add('has-child');
                        }
                        subSub.appendChild(li);
                    }
                } else if (text.startsWith('_')) {
                    // Level 2
                    link.textContent = text.replace(/^_/, '');
                    if (currentL1) {
                        let sub = currentL1.querySelector('.dropdown-menu');
                        if (!sub) {
                            sub = document.createElement('ul');
                            sub.className = 'dropdown-menu';
                            currentL1.appendChild(sub);
                            currentL1.classList.add('has-child');
                        }
                        sub.appendChild(li);
                        currentL2 = li;
                    }
                } else {
                    // Level 1
                    currentL1 = li;
                    currentL2 = null;
                }
            });
        });

        // Simple Icon parser
        document.querySelectorAll('.js-menu-item, .feature-title').forEach(el => {
            const text = el.innerText;
            if(text.includes('|')) {
                const parts = text.split('|');
                el.innerHTML = `<i class="${parts[0].trim()}"></i> ${parts[1].trim()}`;
            }
        });
    });
    //]]>
  </script>
</body>
</html>
